candidate_id,rank,score,reasoning
CAND_0046525,1,0.8347,"6y Senior Machine Learning Engineer at Genpact AI. Key achievement: Led the migration from keyword-based to embedding-based search across a 30M+ candidate corpus over 8 months. Directly maps to: vector database experience (FAISS/Milvus/Qdrant), embeddings and dense retrieval, search/ranking/retrieval systems."
CAND_0039754,2,0.7701,"16y Senior Applied Scientist at Meta. Key achievement: Owned the end-to-end ranking pipeline at a recommendations-heavy consumer product: candidate sourcing → embedding generation (using a fine-tuned BG... Directly maps to: vector database experience (FAISS/Milvus/Qdrant), embeddings and dense retrieval, search/ranking/retrieval systems."
CAND_0046064,3,0.7694,"9y Senior NLP Engineer at Salesforce. Key achievement: Built the data curation pipeline that generated 200K high-quality preference pairs from recruiter labels, plus the eval harness using both ranking ... Directly maps to: vector database experience (FAISS/Milvus/Qdrant), embeddings and dense retrieval, search/ranking/retrieval systems."
CAND_0081846,4,0.768,"7y Lead AI Engineer at Razorpay. Key achievement: Built a RAG-based ranking pipeline serving 50M+ queries per month for an internal recruiter-facing search product. Directly maps to: vector database experience (FAISS/Milvus/Qdrant), embeddings and dense retrieval, search/ranking/retrieval systems."
CAND_0018499,5,0.7578,"7y Senior Machine Learning Engineer at Zomato. Key achievement: Built a RAG-based ranking pipeline serving 50M+ queries per month for an internal recruiter-facing search product. Directly maps to: vector database experience (FAISS/Milvus/Qdrant), embeddings and dense retrieval, search/ranking/retrieval systems."
CAND_0077337,6,0.749,"7y Staff Machine Learning Engineer at Paytm. Key achievement: Built and shipped a production recommendation system at a marketplace product, going from offline experimentation to live A/B test in 5 months. Directly maps to: vector database experience (FAISS/Milvus/Qdrant), embeddings and dense retrieval, search/ranking/retrieval systems."
CAND_0002025,7,0.7276,"6y Senior AI Engineer at Apple. Key achievement: Built and shipped a production recommendation system at a marketplace product, going from offline experimentation to live A/B test in 5 months. Directly maps to: vector database experience (FAISS/Milvus/Qdrant), embeddings and dense retrieval, search/ranking/retrieval systems."
CAND_0071974,8,0.7164,"8y Senior AI Engineer at Netflix. Key achievement: Owned the end-to-end ranking pipeline at a recommendations-heavy consumer product: candidate sourcing → embedding generation (using a fine-tuned BG... Directly maps to: vector database experience (FAISS/Milvus/Qdrant), embeddings and dense retrieval, search/ranking/retrieval systems."
CAND_0069905,9,0.7122,"7y Applied ML Engineer at Sarvam AI. Key achievement: Developed a semantic search feature for an internal knowledge base of ~500K documents. Directly maps to: vector database experience (FAISS/Milvus/Qdrant), embeddings and dense retrieval, search/ranking/retrieval systems."
CAND_0099806,10,0.7116,"5y AI Engineer at Mad Street Den. Key achievement: Trained and shipped multiple ranking models for our product's discovery feed using XGBoost and LightGBM. Directly maps to: vector database experience (FAISS/Milvus/Qdrant), embeddings and dense retrieval, search/ranking/retrieval systems."
CAND_0091534,11,0.7084,"AI Engineer at Flipkart (16.6 YOE). Notable: Owned the ranking layer for an e-commerce search product, evolving it from a hand-tuned scoring function to a learning-to-rank model over 9 months. JD alignment: vector database experience (FAISS/Milvus/Qdrant), embeddings and dense retrieval."
CAND_0062247,12,0.707,"AI Engineer at Google (7.3 YOE). Notable: Developed a semantic search feature for an internal knowledge base of ~500K documents. JD alignment: vector database experience (FAISS/Milvus/Qdrant), embeddings and dense retrieval."
CAND_0005260,13,0.7046,"Senior NLP Engineer at Netflix (5.2 YOE). Notable: Built the data curation pipeline that generated 200K high-quality preference pairs from recruiter labels, plus the eval harness using both ranking ... JD alignment: vector database experience (FAISS/Milvus/Qdrant), embeddings and dense retrieval."
CAND_0088025,14,0.7031,"Staff Machine Learning Engineer at Yellow.ai (8.6 YOE). Notable: Owned the end-to-end ranking pipeline at a recommendations-heavy consumer product: candidate sourcing → embedding generation (using a fine-tuned BG... JD alignment: vector database experience (FAISS/Milvus/Qdrant), embeddings and dense retrieval."
CAND_0064326,15,0.7012,"Search Engineer at Sarvam AI (7.6 YOE). Notable: Owned the ranking layer for an e-commerce search product, evolving it from a hand-tuned scoring function to a learning-to-rank model over 9 months. JD alignment: vector database experience (FAISS/Milvus/Qdrant), embeddings and dense retrieval."
CAND_0055905,16,0.6956,"Senior Machine Learning Engineer at Flipkart (8.1 YOE). Notable: Owned the design and rollout of a large-scale semantic search system serving an internal corpus of 35M+ items. JD alignment: vector database experience (FAISS/Milvus/Qdrant), embeddings and dense retrieval."
CAND_0011687,17,0.6862,"Senior NLP Engineer at Niramai (7.8 YOE). Notable: Owned the end-to-end ranking pipeline at a recommendations-heavy consumer product: candidate sourcing → embedding generation (using a fine-tuned BG... JD alignment: vector database experience (FAISS/Milvus/Qdrant), embeddings and dense retrieval."
CAND_0065195,18,0.6764,"Search Engineer at CRED (5.1 YOE). Notable: Implemented a RAG-based customer support chatbot integrated with our existing ticketing system. JD alignment: vector database experience (FAISS/Milvus/Qdrant), embeddings and dense retrieval."
CAND_0040887,19,0.6709,"Machine Learning Engineer at Netflix (4.7 YOE). Notable: Developed a semantic search feature for an internal knowledge base of ~500K documents. JD alignment: vector database experience (FAISS/Milvus/Qdrant), embeddings and dense retrieval."
CAND_0086022,20,0.6606,"Senior Applied Scientist at Sarvam AI (5.3 YOE). Notable: Built a RAG-based ranking pipeline serving 50M+ queries per month for an internal recruiter-facing search product. JD alignment: vector database experience (FAISS/Milvus/Qdrant), embeddings and dense retrieval."
CAND_0055992,21,0.6583,"AI Engineer at CRED (16.9 YOE). Notable: Implemented a RAG-based customer support chatbot integrated with our existing ticketing system. JD alignment: vector database experience (FAISS/Milvus/Qdrant), embeddings and dense retrieval."
CAND_0098846,22,0.6554,"AI Engineer at upGrad (7.6 YOE). Notable: Owned the ranking layer for an e-commerce search product, evolving it from a hand-tuned scoring function to a learning-to-rank model over 9 months. JD alignment: vector database experience (FAISS/Milvus/Qdrant), embeddings and dense retrieval."
CAND_0008425,23,0.6475,"Senior NLP Engineer at Ola (7.8 YOE). Notable: Owned the design and rollout of a large-scale semantic search system serving an internal corpus of 35M+ items. JD alignment: vector database experience (FAISS/Milvus/Qdrant), embeddings and dense retrieval."
CAND_0043860,24,0.6348,"Junior ML Engineer at Aganitha (6.1 YOE). Notable: Built recommendation-style features at a mid-stage startup — lighter weight than ranking systems at FAANG, but production. JD alignment: vector database experience (FAISS/Milvus/Qdrant), search/ranking/retrieval systems."
CAND_0053591,25,0.6338,"AI Engineer at Ola (5.3 YOE). Notable: Trained and shipped multiple ranking models for our product's discovery feed using XGBoost and LightGBM. JD alignment: vector database experience (FAISS/Milvus/Qdrant), embeddings and dense retrieval."
CAND_0050454,26,0.6335,"AI Engineer at Rephrase.ai (6.8 YOE). Notable: Developed a semantic search feature for an internal knowledge base of ~500K documents. JD alignment: vector database experience (FAISS/Milvus/Qdrant), embeddings and dense retrieval."
CAND_0044222,27,0.6316,"AI Engineer at PolicyBazaar (7.7 YOE). Notable: Developed a semantic search feature for an internal knowledge base of ~500K documents. JD alignment: vector database experience (FAISS/Milvus/Qdrant), embeddings and dense retrieval."
CAND_0006567,28,0.631,"Senior AI Engineer at Meta (7.9 YOE). Notable: Built systems that understand what users are looking for and connect them to the most relevant matches across a large dataset. JD alignment: embeddings and dense retrieval, search/ranking/retrieval systems."
CAND_0043637,29,0.6099,"Junior ML Engineer at Rephrase.ai (5.5 YOE). Notable: Built NLP pipelines for sentiment analysis and document classification — primarily for an internal feedback-analytics dashboard. JD alignment: vector database experience (FAISS/Milvus/Qdrant), search/ranking/retrieval systems."
CAND_0061339,30,0.6051,"Search Engineer at Rephrase.ai (4.2 YOE). Notable: Built a content recommendation system serving 10M+ users that combined collaborative filtering with content-based ranking. JD alignment: vector database experience (FAISS/Milvus/Qdrant), embeddings and dense retrieval."
CAND_0030348,31,0.5994,"Machine Learning Engineer at BYJU'S, 4.5 years. Skills: pgvector, GANs, Vector Search. Partial JD fit on vector database experience (FAISS/Milvus/Qdrant), embeddings and dense retrieval. Based in Noida, Uttar Pradesh, not open to relocation."
CAND_0020877,32,0.5921,"Applied ML Engineer at CRED, 5.1 years. Skills: PyTorch, YOLO, Qdrant. Partial JD fit on vector database experience (FAISS/Milvus/Qdrant), embeddings and dense retrieval."
CAND_0081686,33,0.5895,"Search Engineer at Netflix, 6.0 years. Skills: Python, Milvus, Kubeflow. Partial JD fit on vector database experience (FAISS/Milvus/Qdrant), embeddings and dense retrieval. Based in Austin, not open to relocation."
CAND_0042506,34,0.5865,"Search Engineer at Verloop.io, 4.2 years. Skills: NLP, Forecasting, FAISS. Partial JD fit on vector database experience (FAISS/Milvus/Qdrant), embeddings and dense retrieval. Based in Mumbai, Maharashtra, not open to relocation."
CAND_0058575,35,0.586,"AI Engineer at Krutrim, 5.8 years. Skills: Hugging Face Transformers, Sentence Transformers, Reinforcement Learning. Partial JD fit on vector database experience (FAISS/Milvus/Qdrant), embeddings and dense retrieval. Logistics concern: 90-day notice (standard)."
CAND_0030468,36,0.5854,"Senior Applied Scientist at Swiggy, 5.4 years. Skills: Search & Discovery, Text Encoders, Content Matching. Partial JD fit on vector database experience (FAISS/Milvus/Qdrant), search/ranking/retrieval systems."
CAND_0054318,37,0.57,"AI Research Engineer at BYJU'S, 3.5 years. Skills: GANs, Diffusion Models, LoRA. Partial JD fit on vector database experience (FAISS/Milvus/Qdrant), search/ranking/retrieval systems. Based in Chandigarh, Chandigarh, not open to relocation."
CAND_0045250,38,0.5675,"Applied ML Engineer at Rephrase.ai, 6.6 years. Skills: Sentence Transformers, NLP, PEFT. Partial JD fit on vector database experience (FAISS/Milvus/Qdrant), embeddings and dense retrieval. Based in Delhi, Delhi, not open to relocation."
CAND_0005538,39,0.566,"Senior AI Engineer at Adobe, 5.9 years. Skills: Information Retrieval Systems, TTS, pgvector. Partial JD fit on vector database experience (FAISS/Milvus/Qdrant), embeddings and dense retrieval."
CAND_0018888,40,0.5654,"AI Research Engineer at Razorpay, 6.5 years. Skills: pgvector, GANs, TTS. Partial JD fit on vector database experience (FAISS/Milvus/Qdrant), search/ranking/retrieval systems."
CAND_0024620,41,0.5646,"AI Engineer at PharmEasy, 5.9 years. Skills: Python, Elasticsearch, Recommendation Systems. Partial JD fit on vector database experience (FAISS/Milvus/Qdrant), embeddings and dense retrieval."
CAND_0041568,42,0.5643,"Search Engineer at Haptik, 5.2 years. Skills: Computer Vision, Semantic Search, Weaviate. Partial JD fit on vector database experience (FAISS/Milvus/Qdrant), embeddings and dense retrieval."
CAND_0044883,43,0.5636,"AI Engineer at Mad Street Den, 6.3 years. Skills: Embeddings, TensorFlow, PyTorch. Partial JD fit on vector database experience (FAISS/Milvus/Qdrant), embeddings and dense retrieval. Logistics concern: 90-day notice (standard)."
CAND_0094056,44,0.5585,"NLP Engineer at Rephrase.ai, 5.9 years. Skills: Sentence Transformers, Embeddings, LlamaIndex. Partial JD fit on vector database experience (FAISS/Milvus/Qdrant), embeddings and dense retrieval. Logistics concern: long 120-day notice period."
CAND_0076251,45,0.5563,"Search Engineer at Haptik, 7.6 years. Skills: Hugging Face Transformers, Image Classification, Forecasting. Partial JD fit on vector database experience (FAISS/Milvus/Qdrant), embeddings and dense retrieval."
CAND_0070202,46,0.5534,"Machine Learning Engineer at BYJU'S, 5.1 years. Skills: BM25, RAG, Weights & Biases. Partial JD fit on vector database experience (FAISS/Milvus/Qdrant), embeddings and dense retrieval."
CAND_0028793,47,0.5516,"Search Engineer at Google, 7.2 years. Skills: LoRA, PyTorch, QLoRA. Partial JD fit on vector database experience (FAISS/Milvus/Qdrant), embeddings and dense retrieval. Logistics concern: long 120-day notice period."
CAND_0080766,48,0.5502,"Staff Machine Learning Engineer at Salesforce, 8.8 years. Skills: OpenSearch, Deep Learning, Search Infrastructure. Partial JD fit on vector database experience (FAISS/Milvus/Qdrant), embeddings and dense retrieval."
CAND_0068351,49,0.5473,"Lead AI Engineer at Sarvam AI, 6.4 years. Skills: PEFT, Deep Learning, NLP. Partial JD fit on vector database experience (FAISS/Milvus/Qdrant), search/ranking/retrieval systems. Based in Delhi, Delhi, not open to relocation."
CAND_0005649,50,0.5461,"Senior Data Scientist at Sarvam AI, 7.4 years. Skills: Information Retrieval, QLoRA, RAG. Partial JD fit on vector database experience (FAISS/Milvus/Qdrant), embeddings and dense retrieval. Logistics concern: 90-day notice (standard)."
CAND_0036437,51,0.5436,"Search Engineer at Rephrase.ai, 4.8 years. Skills: FAISS, Milvus, Vector Search. Partial JD fit on vector database experience (FAISS/Milvus/Qdrant), embeddings and dense retrieval."
CAND_0052335,52,0.5423,"Applied ML Engineer at Aganitha, 6.4 years. Skills: Learning to Rank, GANs, Sentence Transformers. Partial JD fit on vector database experience (FAISS/Milvus/Qdrant), embeddings and dense retrieval."
CAND_0094759,53,0.5423,"Lead AI Engineer at Meta, 8.6 years. Skills: scikit-learn, NLP, Weaviate. Partial JD fit on vector database experience (FAISS/Milvus/Qdrant), embeddings and dense retrieval."
CAND_0051004,54,0.5418,"Senior Data Scientist at CRED, 4.7 years. Skills: Prompt Engineering, LlamaIndex, Semantic Search. Partial JD fit on vector database experience (FAISS/Milvus/Qdrant), embeddings and dense retrieval."
CAND_0025640,55,0.5403,"AI Research Engineer at HCL, 5.6 years. Skills: Elasticsearch, CNN, Semantic Search. Partial JD fit on vector database experience (FAISS/Milvus/Qdrant), search/ranking/retrieval systems. Based in Jaipur, Rajasthan, not open to relocation."
CAND_0046132,56,0.5387,"AI Research Engineer at Verloop.io, 4.3 years. Skills: Time Series, MLflow, MLOps. Partial JD fit on search/ranking/retrieval systems, production ML system deployment. Based in Noida, Uttar Pradesh, not open to relocation."
CAND_0049538,57,0.5356,"Applied ML Engineer at Saarthi.ai, 5.8 years. Skills: Elasticsearch, Milvus, TTS. Partial JD fit on vector database experience (FAISS/Milvus/Qdrant), embeddings and dense retrieval. Based in Jaipur, Rajasthan, not open to relocation."
CAND_0084819,58,0.5328,"Search Engineer at Dream11, 4.5 years. Skills: LoRA, Semantic Search, BM25. Partial JD fit on vector database experience (FAISS/Milvus/Qdrant), embeddings and dense retrieval."
CAND_0015065,59,0.5325,"AI Research Engineer at Flipkart, 3.9 years. Skills: Learning to Rank, LlamaIndex, Information Retrieval. Partial JD fit on vector database experience (FAISS/Milvus/Qdrant), embeddings and dense retrieval. Logistics concern: 90-day notice (standard)."
CAND_0018722,60,0.5307,"Recommendation Systems Engineer at Saarthi.ai, 6.6 years. Skills: TensorFlow, GANs, Hugging Face Transformers. Partial JD fit on vector database experience (FAISS/Milvus/Qdrant), embeddings and dense retrieval. Logistics concern: 90-day notice (standard)."
CAND_0033861,61,0.53,"Senior NLP Engineer at Mad Street Den (8.0 YOE). Skills: Milvus, LlamaIndex, TensorFlow."
CAND_0015578,62,0.5292,"AI Engineer at Zoho (5.4 YOE). Skills: Machine Learning, Speech Recognition, FAISS."
CAND_0024466,63,0.5283,"Search Engineer at PharmEasy (5.2 YOE). Skills: Sentence Transformers, NLP, Pinecone."
CAND_0008295,64,0.5236,"AI Research Engineer at Razorpay (6.5 YOE). Skills: QLoRA, Python, BentoML."
CAND_0092278,65,0.5225,"Senior NLP Engineer at Microsoft (6.8 YOE). Skills: TensorFlow, QLoRA, Time Series."
CAND_0070525,66,0.5207,"Senior Software Engineer (ML) at Mad Street Den (5.4 YOE). Skills: Statistical Modeling, Python, LLMs."
CAND_0043381,67,0.5177,"AI Research Engineer at PharmEasy (3.6 YOE). Skills: Forecasting, scikit-learn, OpenSearch."
CAND_0079064,68,0.5155,"Senior Data Scientist at Niramai (5.2 YOE). Skills: OpenSearch, Semantic Search, LlamaIndex."
CAND_0083879,69,0.5103,"Machine Learning Engineer at Ola (7.1 YOE). Skills: Hugging Face Transformers, Prompt Engineering, Fine-tuning LLMs."
CAND_0083307,70,0.5099,"Search Engineer at CRED (7.8 YOE). Skills: Weaviate, Python, scikit-learn. Logistics friction: long 120-day notice period; work mode: flexible."
CAND_0072232,71,0.5095,"ML Engineer at Yellow.ai (4.0 YOE). Skills: Data Science, Reinforcement Learning, TensorFlow."
CAND_0060072,72,0.5086,"Staff Machine Learning Engineer at Amazon (5.7 YOE). Skills: RAG, Machine Learning, Recommendation Systems."
CAND_0049896,73,0.5078,"Search Engineer at Unacademy (7.3 YOE). Skills: Information Retrieval, Data Science, LangChain."
CAND_0041611,74,0.4998,"Staff Machine Learning Engineer at Locobuzz (6.4 YOE). Skills: LangChain, OpenSearch, Weaviate."
CAND_0033179,75,0.4995,"AI Research Engineer at Wipro (6.9 YOE). Skills: OpenSearch, Information Retrieval, Fine-tuning LLMs."
CAND_0004402,76,0.4988,"AI Research Engineer at Yellow.ai (6.0 YOE). Skills: PEFT, BentoML, TTS."
CAND_0098952,77,0.4973,"AI Research Engineer at CRED (5.5 YOE). Skills: Diffusion Models, NLP, Reinforcement Learning."
CAND_0054394,78,0.496,"Recommendation Systems Engineer at PharmEasy (4.1 YOE). Skills: Prompt Engineering, Haystack, Fine-tuning LLMs."
CAND_0076831,79,0.4937,"Search Engineer at Krutrim (4.0 YOE). Skills: Milvus, BM25, NLP."
CAND_0070398,80,0.4935,"Machine Learning Engineer at Genpact AI (7.2 YOE). Skills: BM25, Data Science, LoRA."
CAND_0092706,81,0.4909,"AI Research Engineer at Unacademy, 5.8 years. Ranked lower due to: long notice (120d). Has: MLOps, Hugging Face Transformers, Forecasting."
CAND_0020845,82,0.4892,"AI Research Engineer at Swiggy, 7.0 years. Marginal fit — included to complete top-100 but below ideal threshold. Has: Computer Vision, Pinecone, scikit-learn."
CAND_0052706,83,0.4882,"AI Research Engineer at Swiggy, 5.1 years. Marginal fit — included to complete top-100 but below ideal threshold. Has: Feature Engineering, Deep Learning, Pinecone."
CAND_0011643,84,0.4862,"AI Research Engineer at Swiggy, 4.2 years. Ranked lower due to: logistics mismatch. Has: TTS, Pinecone, Image Classification."
CAND_0022023,85,0.4855,"AI Research Engineer at Saarthi.ai, 4.6 years. Marginal fit — included to complete top-100 but below ideal threshold. Has: Machine Learning, Time Series, Diffusion Models."
CAND_0096172,86,0.4852,"NLP Engineer at Krutrim, 5.2 years. Ranked lower due to: not actively job-seeking. Has: Python, RAG, Time Series."
CAND_0020708,87,0.4825,"Search Engineer at PolicyBazaar, 4.2 years. Marginal fit — included to complete top-100 but below ideal threshold. Has: scikit-learn, LLMs, TensorFlow."
CAND_0070333,88,0.4782,"AI Research Engineer at TCS, 4.7 years. Marginal fit — included to complete top-100 but below ideal threshold. Has: Computer Vision, FAISS, Weaviate."
CAND_0065430,89,0.4775,"ML Engineer at Mad Street Den, 4.4 years. Marginal fit — included to complete top-100 but below ideal threshold. Has: Reinforcement Learning, MLflow, ASR."
CAND_0060054,90,0.4769,"AI Engineer at Mad Street Den, 6.4 years. Ranked lower due to: not actively job-seeking. Has: TensorFlow, Recommendation Systems, FAISS."
CAND_0010541,91,0.4766,"AI Research Engineer at Wysa, 6.2 years. Marginal fit — included to complete top-100 but below ideal threshold. Has: Pinecone, Weaviate, Data Science."
CAND_0001610,92,0.4749,"Machine Learning Engineer at Dream11, 3.0 years. Marginal fit — included to complete top-100 but below ideal threshold. Has: scikit-learn, Speech Recognition, NLP."
CAND_0029367,93,0.467,"Senior Data Scientist at Rephrase.ai, 5.7 years. Marginal fit — included to complete top-100 but below ideal threshold. Has: Recommendation Systems, Forecasting, Haystack."
CAND_0036484,94,0.4664,"AI Research Engineer at InMobi, 5.7 years. Ranked lower due to: logistics mismatch. Has: Object Detection, TensorFlow, Qdrant."
CAND_0064270,95,0.4661,"Applied ML Engineer at Verloop.io, 4.2 years. Ranked lower due to: not actively job-seeking. Has: Hugging Face Transformers, Haystack, PyTorch."
CAND_0044890,96,0.466,"AI Research Engineer at Haptik, 5.0 years. Marginal fit — included to complete top-100 but below ideal threshold. Has: FAISS, LoRA, Haystack."
CAND_0070485,97,0.4651,"Search Engineer at Saarthi.ai, 6.4 years. Ranked lower due to: long notice (120d); logistics mismatch. Has: QLoRA, Deep Learning, Recommendation Systems."
CAND_0078785,98,0.4647,"AI Research Engineer at CRED, 6.3 years. Ranked lower due to: long notice (120d); logistics mismatch. Has: Hugging Face Transformers, scikit-learn, Data Science."
CAND_0007874,99,0.4641,"Junior ML Engineer at Sarvam AI, 3.7 years. Ranked lower due to: not actively job-seeking. Has: OpenCV, NLP, Statistical Modeling."
CAND_0008239,100,0.462,"AI Engineer at Apple, 4.0 years. Marginal fit — included to complete top-100 but below ideal threshold. Has: Elasticsearch, Python, Milvus."
